{"tag": "layer_0_attn_pre_ln_out", "shape": [1024], "mean": 0.0023267921060323715, "sum": 2.3826351165771484, "head_values": [0.2236328125, -0.41796875, 0.294921875, 0.62890625, -0.031494140625, -0.5234375, -0.3125, 1.8671875, -0.28125, 0.125, 0.3203125, 0.03466796875, 0.322265625, -0.486328125, -1.4921875, 0.09521484375]}
{"tag": "layer_0_q_proj_raw", "shape": [16], "mean": -0.01964569091796875, "sum": -0.3143310546875, "head_values": [0.197265625, 0.2197265625, 0.212890625, -0.05908203125, 0.09375, -0.322265625, -0.265625, -0.16015625, -0.08984375, -0.1376953125, 0.25390625, -0.12353515625, -0.0164794921875, -0.1298828125, -0.1533203125, 0.166015625]}
{"tag": "layer_0_q_norm_out", "shape": [16], "mean": 0.00391387939453125, "sum": 0.0626220703125, "head_values": [3.15625, 0.96484375, -0.5546875, -0.35546875, 0.859375, -1.7734375, -1.0234375, -0.828125, -0.87890625, -0.97265625, 1.65625, 0.0155029296875, -0.042724609375, -0.34765625, -1.03125, 1.21875]}
{"tag": "layer_0_q_rope_out", "shape": [16], "mean": -0.4395274221897125, "sum": -7.0324387550354, "head_values": [-3.2733848094940186, 0.42165058851242065, -0.020741969347000122, -0.6584876775741577, 0.024605989456176758, -1.9705331325531006, -0.8253622651100159, 1.0256668329238892, 0.10624241828918457, 1.3066173791885376, -1.651808500289917, 0.12220025807619095, 0.2510974407196045, 0.24421370029449463, -0.6991291046142578, -1.435286283493042]}
{"tag": "layer_0_k_proj_raw", "shape": [16], "mean": 0.11373138427734375, "sum": 1.8197021484375, "head_values": [0.58203125, 0.20703125, 0.74609375, -0.369140625, -0.0654296875, -0.8203125, -0.11572265625, -0.2578125, -0.09326171875, -0.1865234375, 0.625, -0.1484375, -0.0869140625, -0.466796875, -0.0113525390625, 2.28125]}
{"tag": "layer_0_k_norm_out", "shape": [16], "mean": 0.37491607666015625, "sum": 5.9986572265625, "head_values": [1.375, 0.8828125, 6.03125, -1.359375, -0.2099609375, -3.796875, -0.90625, -1.140625, -0.275390625, -0.76953125, 2.609375, -0.0093994140625, -0.8515625, -4.65625, -0.049560546875, 9.125]}
{"tag": "layer_0_k_rope_out", "shape": [16], "mean": -0.3575562536716461, "sum": -5.720900058746338, "head_values": [-1.6166274547576904, -0.23769426345825195, 4.533336639404297, 4.203895092010498, -1.803019642829895, -3.3480536937713623, -1.1381771564483643, 0.9093224406242371, -0.24933870136737823, 0.7783627510070801, -2.599566698074341, 0.22622987627983093, 3.5807440280914307, 3.0958187580108643, -8.329468727111816, -3.72666335105896]}
{"tag": "layer_0_head_grp_0_attn_out", "shape": [16], "mean": 0.05441500246524811, "sum": 0.8706400394439697, "head_values": [0.05943531543016434, -0.2130299061536789, -0.10201801359653473, -0.06108931824564934, -0.09455772489309311, 0.22282744944095612, 0.08322764188051224, 0.026468925178050995, 0.09602084010839462, 0.06599131226539612, 0.1875460296869278, 0.1156221404671669, 0.08927694708108902, 0.11692289263010025, 0.11355457454919815, 0.16444094479084015]}
{"tag": "layer_0_attn_out_buffer", "shape": [2048], "mean": 0.0027546097990125418, "sum": 5.6414408683776855, "head_values": [0.059326171875, -0.212890625, -0.10205078125, -0.06103515625, -0.0947265625, 0.22265625, 0.0830078125, 0.0264892578125, 0.09619140625, 0.06591796875, 0.1875, 0.11572265625, 0.08935546875, 0.11669921875, 0.11376953125, 0.1640625]}
{"tag": "layer_0_hidden_states_post_oproj_partial", "shape": [16], "mean": -0.0587158203125, "sum": -0.939453125, "head_values": [-0.1494140625, 0.1650390625, -0.181640625, -0.8359375, 0.279296875, -0.12255859375, -0.25390625, -0.150390625, -0.040283203125, -0.251953125, 0.3515625, -0.04248046875, -0.1474609375, 0.263671875, -0.062255859375, 0.2392578125]}
{"tag": "layer_0_mlp_pre_ln_out", "shape": [1024], "mean": -0.017488259822130203, "sum": -17.907978057861328, "head_values": [-0.353515625, 0.000667572021484375, 1.359375, -3.171875, 0.7109375, -0.62109375, -0.65625, -0.4921875, -0.109375, -0.5546875, 1.15625, -0.1513671875, -0.388671875, 1.0546875, -0.2216796875, 0.859375]}
