{"tag": "layer_0_attn_pre_ln_out", "shape": [1, 9, 1024], "mean": 0.4331378936767578, "sum": 6.930206298828125, "head_values": [0.005462646484375, -6.6875, 1.109375, 4.03125, -0.0137939453125, -1.140625, 0.51953125, 7.03125, 0.486328125, -0.515625, 0.330078125, -0.00286865234375, -0.1484375, 0.99609375, 1.2109375, -0.28125]}
{"tag": "layer_0_q_proj_raw", "shape": [16], "mean": 0.00223541259765625, "sum": 0.0357666015625, "head_values": [0.306640625, -0.028564453125, 0.71484375, -0.11181640625, 0.1748046875, -0.5, -0.59765625, -0.1982421875, -0.06982421875, -0.1689453125, 0.42578125, -0.26953125, 0.3515625, -0.380859375, -0.0147705078125, 0.40234375]}
{"tag": "layer_0_k_proj_raw", "shape": [16], "mean": 0.12452316284179688, "sum": 1.99237060546875, "head_values": [1.6796875, 0.6171875, 0.87890625, -0.15234375, 0.1162109375, -1.7734375, -0.59375, -1.078125, -0.1669921875, -0.73828125, 1.234375, -0.609375, 0.00408935546875, -0.9296875, -0.18359375, 3.6875]}
{"tag": "layer_0_q_norm_out", "shape": [16], "mean": 0.03881072998046875, "sum": 0.6209716796875, "head_values": [2.109375, -0.053955078125, -0.796875, -0.2890625, 0.6875, -1.1796875, -0.9921875, -0.439453125, -0.29296875, -0.51171875, 1.1875, 0.0145263671875, 0.392578125, -0.4375, -0.042724609375, 1.265625]}
{"tag": "layer_0_k_norm_out", "shape": [16], "mean": 0.07964324951171875, "sum": 1.2742919921875, "head_values": [2.40625, 1.5859375, 4.28125, -0.337890625, 0.224609375, -4.9375, -2.8125, -2.859375, -0.294921875, -1.828125, 3.078125, -0.0233154296875, 0.024169921875, -5.5625, -0.482421875, 8.8125]}
{"tag": "layer_0_q_rope_out", "shape": [16], "mean": 0.03881072998046875, "sum": 0.6209716796875, "head_values": [2.109375, -0.053955078125, -0.796875, -0.2890625, 0.6875, -1.1796875, -0.9921875, -0.439453125, -0.29296875, -0.51171875, 1.1875, 0.0145263671875, 0.392578125, -0.4375, -0.042724609375, 1.265625]}
{"tag": "layer_0_k_rope_out", "shape": [16], "mean": 0.07964324951171875, "sum": 1.2742919921875, "head_values": [2.40625, 1.5859375, 4.28125, -0.337890625, 0.224609375, -4.9375, -2.8125, -2.859375, -0.294921875, -1.828125, 3.078125, -0.0233154296875, 0.024169921875, -5.5625, -0.482421875, 8.8125]}
{"tag": "layer_0_head_grp_0_attn_out", "shape": [16], "mean": -0.029071807861328125, "sum": -0.46514892578125, "head_values": [-0.15234375, 0.0849609375, 0.125, 0.12353515625, -0.0103759765625, 0.00799560546875, -0.07666015625, -0.0089111328125, 0.04248046875, -0.0517578125, -0.049560546875, 0.140625, -0.60546875, 0.047119140625, -0.126953125, 0.045166015625]}
{"tag": "layer_0_attn_out_buffer", "shape": [1, 9, 2048], "mean": -0.029071807861328125, "sum": -0.46514892578125, "head_values": [-0.15234375, 0.0849609375, 0.125, 0.12353515625, -0.0103759765625, 0.00799560546875, -0.07666015625, -0.0089111328125, 0.04248046875, -0.0517578125, -0.049560546875, 0.140625, -0.60546875, 0.047119140625, -0.126953125, 0.045166015625]}
{"tag": "layer_0_hidden_states_post_oproj_partial", "shape": [1, 9, 1024], "mean": 0.02519702911376953, "sum": 0.4031524658203125, "head_values": [0.142578125, -0.12109375, 0.220703125, 0.1328125, -0.0021209716796875, 0.0087890625, 0.1103515625, 0.1640625, -0.1357421875, -0.103515625, 0.08251953125, 0.125, 0.0458984375, 0.10498046875, -0.1796875, -0.1923828125]}
{"tag": "layer_0_mlp_pre_ln_out", "shape": [1, 9, 1024], "mean": -0.04438495635986328, "sum": -0.7101593017578125, "head_values": [0.390625, -0.0005645751953125, -1.8984375, 0.58203125, -0.0062255859375, 0.051513671875, 0.328125, 0.6171875, -0.42578125, -0.26171875, 0.3125, 0.515625, 0.1396484375, 0.484375, -0.7421875, -0.796875]}
{"tag": "layer_0_attn_pre_ln_out", "shape": [1, 1, 1024], "mean": 0.0229339599609375, "sum": 0.366943359375, "head_values": [0.2236328125, -0.41796875, 0.294921875, 0.62890625, -0.031494140625, -0.5234375, -0.3125, 1.8671875, -0.28125, 0.125, 0.3203125, 0.03466796875, 0.322265625, -0.486328125, -1.4921875, 0.09521484375]}
{"tag": "layer_0_q_proj_raw", "shape": [16], "mean": -0.01964569091796875, "sum": -0.3143310546875, "head_values": [0.197265625, 0.2197265625, 0.212890625, -0.05908203125, 0.09375, -0.322265625, -0.265625, -0.16015625, -0.08984375, -0.1376953125, 0.25390625, -0.12353515625, -0.0164794921875, -0.1298828125, -0.1533203125, 0.166015625]}
{"tag": "layer_0_k_proj_raw", "shape": [16], "mean": 0.11373138427734375, "sum": 1.8197021484375, "head_values": [0.58203125, 0.20703125, 0.74609375, -0.369140625, -0.0654296875, -0.8203125, -0.11572265625, -0.2578125, -0.09326171875, -0.1865234375, 0.625, -0.1484375, -0.0869140625, -0.466796875, -0.0113525390625, 2.28125]}
{"tag": "layer_0_q_norm_out", "shape": [16], "mean": 0.00391387939453125, "sum": 0.0626220703125, "head_values": [3.15625, 0.96484375, -0.5546875, -0.35546875, 0.859375, -1.7734375, -1.0234375, -0.828125, -0.87890625, -0.97265625, 1.65625, 0.0155029296875, -0.042724609375, -0.34765625, -1.03125, 1.21875]}
{"tag": "layer_0_k_norm_out", "shape": [16], "mean": 0.37491607666015625, "sum": 5.9986572265625, "head_values": [1.375, 0.8828125, 6.03125, -1.359375, -0.2099609375, -3.796875, -0.90625, -1.140625, -0.275390625, -0.76953125, 2.609375, -0.0093994140625, -0.8515625, -4.65625, -0.049560546875, 9.125]}
{"tag": "layer_0_q_rope_out", "shape": [16], "mean": -0.4390869140625, "sum": -7.025390625, "head_values": [-3.265625, 0.421875, -0.020751953125, -0.66015625, 0.024658203125, -1.96875, -0.82421875, 1.0234375, 0.1064453125, 1.3046875, -1.6484375, 0.1220703125, 0.251953125, 0.244140625, -0.69921875, -1.4375]}
{"tag": "layer_0_k_rope_out", "shape": [16], "mean": -0.3560791015625, "sum": -5.697265625, "head_values": [-1.6171875, -0.2373046875, 4.53125, 4.21875, -1.8046875, -3.34375, -1.140625, 0.91015625, -0.2490234375, 0.77734375, -2.59375, 0.2265625, 3.578125, 3.09375, -8.3125, -3.734375]}
{"tag": "layer_0_head_grp_0_attn_out", "shape": [16], "mean": 0.05435943603515625, "sum": 0.8697509765625, "head_values": [0.0595703125, -0.212890625, -0.10205078125, -0.06103515625, -0.0947265625, 0.22265625, 0.0830078125, 0.0264892578125, 0.09619140625, 0.06591796875, 0.1875, 0.11572265625, 0.08935546875, 0.11669921875, 0.11328125, 0.1640625]}
{"tag": "layer_0_attn_out_buffer", "shape": [1, 1, 2048], "mean": 0.05435943603515625, "sum": 0.8697509765625, "head_values": [0.0595703125, -0.212890625, -0.10205078125, -0.06103515625, -0.0947265625, 0.22265625, 0.0830078125, 0.0264892578125, 0.09619140625, 0.06591796875, 0.1875, 0.11572265625, 0.08935546875, 0.11669921875, 0.11328125, 0.1640625]}
{"tag": "layer_0_hidden_states_post_oproj_partial", "shape": [1, 1, 1024], "mean": -0.058624267578125, "sum": -0.93798828125, "head_values": [-0.1494140625, 0.1650390625, -0.181640625, -0.8359375, 0.279296875, -0.12255859375, -0.25390625, -0.150390625, -0.0400390625, -0.251953125, 0.3515625, -0.04248046875, -0.146484375, 0.263671875, -0.06201171875, 0.2392578125]}
{"tag": "layer_0_mlp_pre_ln_out", "shape": [1, 1, 1024], "mean": -0.09856057167053223, "sum": -1.5769691467285156, "head_values": [-0.353515625, 0.000667572021484375, 1.359375, -3.171875, 0.7109375, -0.62109375, -0.65625, -0.4921875, -0.10888671875, -0.5546875, 1.15625, -0.1513671875, -0.38671875, 1.0546875, -0.2216796875, 0.859375]}
